Marca temporal,"En una escala del 1 al 5, cómo calificaría la claridad de las explicaciones de los profesores en el aula?",Con qué frecuencia siente que los profesores están disponibles para brindar apoyo adicional fuera del horario de clase?,¿Ha recibido suficiente orientación sobre las oportunidades profesionales disponibles después de completar sus estudios en este instituto?,¿Se siente apoyado por la administración del instituto en la planificación de su carrera futura?,¿Está satisfecho con la cantidad de eventos y actividades organizadas por el instituto para promover un ambiente social y cultural activo?,¿Cómo se enteró de la mayoría de los eventos y programas académicos en el instituto en el último año?,¿Considera que la variedad de cursos ofrecidos en este instituto satisface sus necesidades académicas y profesionales?,¿En qué medida cree que los programas de estudio se mantienen actualizados con respecto a las últimas tendencias y desarrollos en su campo de estudio?,¿Con qué frecuencia experimenta dificultades para acceder a computadoras o equipos informáticos en el campus cuando los necesita para sus estudios?,¿Está satisfecho con la calidad y la cantidad de software disponible en las computadoras del instituto para apoyar su aprendizaje y trabajo académico?,¿Qué tan conveniente considera el acceso al transporte público desde y hacia el instituto?,¿Ha experimentado dificultades para llegar a tiempo a clases o eventos debido a la lejanía del instituto de su ubicación residencial?
2023/10/19 9:22:25 a.Â m. GMT-6,5,Raramente,si,no,si,redes sociales,Tal vez,parcialmente actualizado,a veces,No,Moderadamente conveniente,No
2023/10/19 9:23:26 a.Â m. GMT-6,5,a veces,no,no,no,redes sociales,no,Obsoleto,a veces,No,Muy conveniente,SÃ­
2023/10/19 9:24:41 a.Â m. GMT-6,3,a veces,si,si,si,redes sociales,si,Totalmente actualizado,nunca,si,Muy conveniente,SÃ­
2023/10/19 9:25:37 a.Â m. GMT-6,4,a veces,si,no,si,redes sociales,Tal vez,Obsoleto,Raramente,No,Moderadamente conveniente,SÃ­
2023/10/19 9:29:14 a.Â m. GMT-6,2,Raramente,no,no,no,redes sociales,no,parcialmente actualizado,Raramente,No,Muy conveniente,Tal vez
2023/10/19 9:29:15 a.Â m. GMT-6,2,Raramente,no,no,no,redes sociales,Tal vez,parcialmente actualizado,Raramente,No,Moderadamente conveniente,No
2023/10/19 9:29:16 a.Â m. GMT-6,2,Raramente,no,no,no,redes sociales,Tal vez,parcialmente actualizado,Raramente,No,Muy conveniente,SÃ­
2023/10/19 9:35:35 a.Â m. GMT-6,4,un menudo,si,no,si,Carteles en el campus,Tal vez,Obsoleto,Raramente,No,Muy conveniente,Tal vez
2023/10/19 9:43:23 a.Â m. GMT-6,3,a veces,si,no,no,redes sociales,Tal vez,parcialmente actualizado,a veces,No,Moderadamente conveniente,No
2023/10/19 9:43:58 a.Â m. GMT-6,3,un menudo,si,si,no,redes sociales,si,parcialmente actualizado,nunca,si,Moderadamente conveniente,SÃ­
2023/10/19 9:45:02 a.Â m. GMT-6,4,un menudo,si,no,no,redes sociales,no,Obsoleto,Raramente,si,Muy conveniente,Tal vez
2023/10/19 9:49:03 a.Â m. GMT-6,5,un menudo,no,no,no,Carteles en el campus,no,Obsoleto,a veces,No,Muy conveniente,SÃ­
2023/10/19 10:08:38 a.Â m. GMT-6,3,Raramente,no,no,no,redes sociales,Tal vez,parcialmente actualizado,Raramente,No,Moderadamente conveniente,SÃ­
